Name,Price,Location,Mileage,URL
2009 Honda civic VP Sedan 4D,"$3,999","Clifton, NJ",120K miles,https://www.facebook.comN/A
2008 Honda civic EX Coupe 2D,"$4,500","Paterson, NJ",125K miles,https://www.facebook.comN/A
2005 Honda civic LX Sedan 4D,"$4,000","Newburgh, NY",138K miles,https://www.facebook.comN/A
2007 Honda civic LX Sedan 4D,"$3,900","Paterson, NJ",163K miles,https://www.facebook.comN/A
2009 Honda civic EX Sedan 4D,"$4,999","Paterson, NJ",140K miles,https://www.facebook.comN/A
2006 Honda civic EX Coupe 2D,"$4,300","Totowa, NJ",135K miles,https://www.facebook.comN/A
2006 Honda civic LX Coupe 2D,"$3,800","Wayne, NJ",130K miles,https://www.facebook.comN/A
2009 Honda civic EX Sedan 4D,"$4,499","Paterson, NJ",120K miles,https://www.facebook.comN/A
2008 Honda civic EX Sedan 4D,"$2,800","Emerson, NJ",178K miles,https://www.facebook.comN/A
2010 Honda civic LX Sedan 4D,"$4,350","East Hanover, NJ",153K miles,https://www.facebook.comN/A
2004 Honda civic LX Sedan 4D,"$5,000","Flushing, NY",86K miles,https://www.facebook.comN/A
2010 Honda civic EX Sedan 4D,"$5,000","Hasbrouck Heights, NJ",111K miles,https://www.facebook.comN/A
2010 Honda civic EX Sedan 4D,"$3,800","Flushing, NY",89K miles,https://www.facebook.comN/A
2008 Honda civic EX Coupe 2D,"$4,500","Paterson, NJ",125K miles,https://www.facebook.comN/A
2008 Honda civic EX Coupe 2D,"$3,500","Brooklyn, NY",161K miles,https://www.facebook.comN/A
2007 Honda civic EX Sedan 4D,"$3,500","Newark, NJ",125K miles,https://www.facebook.comN/A
2006 Honda Civic,"$3,500","New Rochelle, NY",144K miles,https://www.facebook.comN/A
2004 Honda civic EX Sedan 4D,"$2,800","Staten Island, NY",116K miles,https://www.facebook.comN/A
2010 Honda civic LX Coupe 2D,"$4,800","Passaic, NJ",N/A,https://www.facebook.comN/A
2010 Honda civic,"$4,200","Jersey City, NJ",159K miles,https://www.facebook.comN/A
2004 Honda civic Hybrid Sedan 4D,"$4,800","Ridgefield, NJ",107K miles,https://www.facebook.comN/A
2005 Honda civic LX Sedan 4D,"$2,000","West Springfield, MA",149K miles,https://www.facebook.comN/A
2007 Honda civic Hybrid Sedan 4D,"$4,500","Old Bridge, NJ",130K miles,https://www.facebook.comN/A
2009 Honda civic EX Sedan 4D,"$4,600","New York, NY",109K miles,https://www.facebook.comN/A
2008 Honda civic DX Sedan 4D,"$4,800","Deer Park, NY",128K miles,https://www.facebook.comN/A
2006 Honda civic EX Coupe 2D,"$3,000","Levittown, NY",143K miles,https://www.facebook.comN/A
2006 Honda civic LX Sedan 4D,"$2,800","Brooklyn, NY",160K miles,https://www.facebook.comN/A
2002 Honda civic EX Sedan 4D,"$4,000","Stony Point, NY",57K miles,https://www.facebook.comN/A
2010 Honda civic DX Coupe 2D,"$4,500","Jersey City, NJ",93K miles,https://www.facebook.comN/A
2008 Honda civic Hybrid Sedan 4D,"$4,600","Toms River, NJ",121K miles,https://www.facebook.comN/A
2007 Honda civic EX Sedan 4D,"$4,500","Bay Shore, NY",135K miles,https://www.facebook.comN/A
2010 Honda civic EX Sedan 4D,"$4,800","Commack, NY",126K miles,https://www.facebook.comN/A
2007 Honda civic Hybrid Sedan 4D,"$3,799","Yonkers, NY",105K miles,https://www.facebook.comN/A
2010 Honda accord EX-L Coupe 2D,"$2,900","Elizabeth, NJ",149K miles,https://www.facebook.comN/A
2002 Honda civic LX Sedan 4D,"$3,700","Trenton, NJ",109K miles,https://www.facebook.comN/A
2008 Honda civic DX Coupe 2D,"$3,700","Elizabeth, NJ",140K miles,https://www.facebook.comN/A
2007 Honda civic LX Sedan 4D,"$4,450","East Hanover, NJ",162K miles,https://www.facebook.comN/A
2008 Honda civic,"$3,600","Lakewood, NJ",170K miles,https://www.facebook.comN/A
2004 Honda civic LX Sedan 4D,"$4,995","Paramus, NJ",113K miles,https://www.facebook.comN/A
2006 Honda civic,"$4,300","Garnerville, NY",N/A,https://www.facebook.comN/A
2010 Honda civic EX Coupe 2D,"$5,000","Middletown, NJ",109K miles,https://www.facebook.comN/A
2008 Honda civic EX Sedan 4D,"$4,899","Haledon, NJ",87K miles,https://www.facebook.comN/A
2008 Honda civic LX Sedan 4D,"$4,950","East Hanover, NJ",160K miles,https://www.facebook.comN/A
2009 Honda civic Hybrid Sedan 4D,"$4,900","Patchogue, NY",124K miles,https://www.facebook.comN/A
2002 Honda civic LX Sedan 4D,"$2,850","East Hanover, NJ",167K miles,https://www.facebook.comN/A
2007 Honda civic EX Sedan 4D,"$4,220","East Meadow, NY",95K miles,https://www.facebook.comN/A
2009 Honda civic Hybrid Sedan 4D,"$4,750","Clementon, NJ",166K miles,https://www.facebook.comN/A
2000 Honda civic EX Coupe 2D,"$4,680","Bay Shore, NY",180K miles,https://www.facebook.comN/A
2009 Honda civic DX Sedan 4D,"$4,200","Smithtown, NY",160K miles,https://www.facebook.comN/A
2006 Honda civic EX Sedan 4D,"$4,900","Brooklyn, NY",179K miles,https://www.facebook.comN/A
2008 Honda civic LX Coupe 2D,"$4,500","Yonkers, NY",180K miles,https://www.facebook.comN/A
2001 Honda civic EX Coupe 2D,"$4,000","Shirley, NY",134K miles,https://www.facebook.comN/A
2009 Honda civic EX Sedan 4D,"$4,600","Bronx, NY",109K miles,https://www.facebook.comN/A
2007 Honda civic,"$3,850","Piscataway, NJ",160K miles,https://www.facebook.comN/A
2008 Honda civic LX Coupe 2D,"$3,200","Rosedale, NY",99K miles,https://www.facebook.comN/A
2004 Honda civic LX Sedan 4D,"$4,000","Coram, NY",116K miles,https://www.facebook.comN/A
2008 Toyota camry Sedan 4D,"$4,500","Newark, NJ",139K miles,https://www.facebook.comN/A
2007 Honda civic EX Coupe 2D,"$2,850","Bronx, NY",102K miles,https://www.facebook.comN/A
2007 Honda civic LX Sedan 4D,"$4,850","Paterson, NJ",132K miles,https://www.facebook.comN/A
2003 Honda accord EX Sedan 4D,"$4,900","Little Falls, NJ",130K miles,https://www.facebook.comN/A
2003 Honda civic LX Sedan 4D,"$2,000","Newark, NJ",121K miles,https://www.facebook.comN/A
2007 Honda civic LX Sedan 4D,"$4,800","Milford, CT",160K miles,https://www.facebook.comN/A
2007 Honda civic EX Sedan 4D,"$2,500","Monsey, NY",162K miles,https://www.facebook.comN/A
2008 Honda civic LX Sedan 4D,"$4,900","Bronx, NY",103K miles,https://www.facebook.comN/A
2003 Honda civic LX Coupe 2D,"$3,400","Newburgh, NY",149K miles,https://www.facebook.comN/A
2007 Honda civic EX Sedan 4D,"$2,000","Garfield, NJ",75K miles,https://www.facebook.comN/A
2008 Honda civic,"$3,500","Bronx, NY",175K miles,https://www.facebook.comN/A
2003 Honda civic lcx,"$4,300","Hopatcong, NJ",97K miles,https://www.facebook.comN/A
2010 Honda civic LX Sedan 4D,"$5,000","Huntington, NY",150K miles,https://www.facebook.comN/A
2003 Honda civic EX Coupe 2D,"$3,500","Queens Village, NY",150K miles,https://www.facebook.comN/A
2009 Honda accord LX Sedan 4D,"$4,950","Little Falls, NJ",152K miles,https://www.facebook.comN/A
2008 Honda civic LX Coupe 2D,"$3,200","Kingston, NY",166K miles,https://www.facebook.comN/A
2007 Honda civic EX Sedan 4D,"$5,000","Commack, NY",98K miles,https://www.facebook.comN/A
2004 Honda civic LX Sedan 4D,"$1,200","West Nyack, NY",177K miles,https://www.facebook.comN/A
2009 Honda civic DX Sedan 4D,"$4,800","Babylon, NY",147K miles,https://www.facebook.comN/A
2010 Honda civic EX Sedan 4D,"$4,900","Yonkers, NY",102K miles,https://www.facebook.comN/A
2008 Honda civic Hybrid Sedan 4D,"$3,000","Wallington, NJ",112K miles,https://www.facebook.comN/A
2005 Honda civic LX Special Edition Sedan 4D,"$3,599","Bridgeport, CT",123K miles,https://www.facebook.comN/A
2006 Honda civic EX Sedan 4D,"$4,500","Danbury, CT",97K miles,https://www.facebook.comN/A
2008 Honda accord ex-l,"$4,200","Freeport, NY",150K miles,https://www.facebook.comN/A
2009 Honda civic EX Sedan 4D,"$4,900","Brooklyn, NY",103K miles,https://www.facebook.comN/A
2008 Honda civic LX Sedan 4D,"$2,500","Orange, NJ",153K miles,https://www.facebook.comN/A
2008 Honda fit Sport Hatchback 4D,"$3,500","Bridgeport, CT",100K miles,https://www.facebook.comN/A
2008 Honda civic LX Sedan 4D,"$4,950","Dover, NJ",160K miles,https://www.facebook.comN/A
2009 Honda civic,"$5,000","Bronx, NY",104K miles,https://www.facebook.comN/A
2009 Honda civic DX Sedan 4D,"$4,500","Carteret, NJ",160K miles,https://www.facebook.comN/A
2009 Honda civic EX Sedan 4D,"$1,000","New York, NY",140K miles,https://www.facebook.comN/A
2008 Honda civic LX Sedan 4D,"$3,800","Newark, NJ",170K miles,https://www.facebook.comN/A
2010 Honda civic EX Sedan 4D,"$4,900","White Plains, NY",103K miles,https://www.facebook.comN/A
2008 Honda civic EX Sedan 4D,"$2,900","Great Neck, NY",156K miles,https://www.facebook.comN/A
2008 Honda civic LX Sedan 4D,"$4,775","Commack, NY",N/A,https://www.facebook.comN/A
2008 Honda civic EX Sedan 4D,"$4,500","West Hartford, CT",150K miles,https://www.facebook.comN/A
2007 Honda civic EX Coupe 2D,"$5,000","Ossining, NY",119K miles,https://www.facebook.comN/A
2001 Honda civic LX Sedan 4D,"$4,000","Middle Village, NY",75K miles,https://www.facebook.comN/A
2009 Honda civic LX Sedan 4D,"$4,200","Verplanck, NY",157K miles,https://www.facebook.comN/A
2010 Honda civic DX Sedan 4D,"$4,500","Manchester, CT",149K miles,https://www.facebook.comN/A
2009 Honda civic EX Sedan 4D,"$3,995","Cromwell, CT",127K miles,https://www.facebook.comN/A
2008 Honda civic LX Sedan 4D,"$4,999","Torrington, CT",130K miles,https://www.facebook.comN/A
2007 Honda civic LX Sedan 4D,"$4,000","Allentown, PA",129K miles,https://www.facebook.comN/A
2008 Honda civic EX Coupe 2D,"$4,295","Old Forge, PA",168K miles,https://www.facebook.comN/A
2010 Honda civic EX Coupe 2D,"$3,600","Plainfield, NJ",177K miles,https://www.facebook.comN/A
2008 Honda civic EX-L Coupe 2D,"$3,000","Bronx, NY",145K miles,https://www.facebook.comN/A
2008 Honda civic EX-L Coupe 2D,"$4,800","Woodside, NY",122K miles,https://www.facebook.comN/A
2008 Honda civic,"$5,000","North Brunswick, NJ",121K miles,https://www.facebook.comN/A
2008 Honda accord EX-L Sedan 4D,"$4,999","Paterson, NJ",115K miles,https://www.facebook.comN/A
2003 Honda civic,"$1,000","New York, NY",131K miles,https://www.facebook.comN/A
2006 Honda civic ex,"$4,600","Kenilworth, NJ",106K miles,https://www.facebook.comN/A
2008 Honda civic EX Sedan 4D,"$3,900","Brooklyn, NY",173K miles,https://www.facebook.comN/A
2006 Honda civic LX Coupe 2D,"$3,600","Jamaica, NY",167K miles,https://www.facebook.comN/A
2003 Honda civic LX Sedan 4D,"$1,200","Jamaica, NY",142K miles,https://www.facebook.comN/A
2008 Honda civic EX Sedan 4D,"$5,000","Beverly, NJ",142K miles,https://www.facebook.comN/A
2006 Honda civic LX Coupe 2D,"$5,000","Lebanon, PA",71K miles,https://www.facebook.comN/A
2000 Honda civic LX Sedan 4D,"$2,800","Staten Island, NY",135K miles,https://www.facebook.comN/A
2010 Honda civic Hybrid Sedan 4D,"$3,800","Philadelphia, PA",158K miles,https://www.facebook.comN/A
2010 Honda civic EX Sedan 4D,"$1,234","Staten Island, NY",111K miles,https://www.facebook.comN/A
2008 Honda civic LX Sedan 4D,"$4,410","Clifton, NJ",170K miles,https://www.facebook.comN/A
2002 Honda civic LX Sedan 4D,"$3,499","Plymouth Meeting, PA",120K miles,https://www.facebook.comN/A
2004 Honda civic EX Coupe 2D,"$4,900","Manassas, VA",63K miles,https://www.facebook.comN/A
2007 Honda civic,"$3,500","Peekskill, NY",93K miles,https://www.facebook.comN/A
2010 Honda civic LX Coupe 2D,"$4,000","Linden, NJ",151K miles,https://www.facebook.comN/A
2004 Honda civic EX Sedan 4D,"$3,150","Abington, PA",149K miles,https://www.facebook.comN/A
2009 Honda civic LX Sedan 4D,"$3,900","New York, NY",174K miles,https://www.facebook.comN/A
2010 Honda civic EX Coupe 2D,"$2,700","Somerset, NJ",180K miles,https://www.facebook.comN/A
2005 Honda civic Value Coupe 2D,"$2,700","Medford, NY",140K miles,https://www.facebook.comN/A
2008 Honda accord EX Sedan 4D,"$4,000","Brooklyn, NY",114K miles,https://www.facebook.comN/A
2005 Honda civic,"$1,900","Jamaica, NY",142K miles,https://www.facebook.comN/A
2008 Honda civic DX Sedan 4D,"$4,800","Fort Washington, MD",123K miles,https://www.facebook.comN/A
2003 Honda civic LX Sedan 4D,"$3,800","Poughkeepsie, NY",137K miles,https://www.facebook.comN/A
2008 Honda civic LX Sedan 4D,"$3,400","Bound Brook, NJ",169K miles,https://www.facebook.comN/A
2010 Honda civic DX Sedan 4D,"$5,000","Chelmsford, MA",97K miles,https://www.facebook.comN/A
2007 Honda civic EX Sedan 4D,"$3,400","Somers, NY",162K miles,https://www.facebook.comN/A
2006 Acura rsx Sport Coupe 2D,"$4,000","Clifton, NJ",150K miles,https://www.facebook.comN/A
2007 Honda civic 5 speed,"$3,500","Medford, NY",160K miles,https://www.facebook.comN/A
2008 Honda civic hybrid,"$4,444","Passaic, NJ",N/A,https://www.facebook.comN/A
2007 Honda civic Hybrid Sedan 4D,"$4,200","Keyport, NJ",130K miles,https://www.facebook.comN/A
2009 Honda civic Hybrid Sedan 4D,"$4,900","Poughkeepsie, NY",153K miles,https://www.facebook.comN/A
2004 Honda civic Si Hatchback 2D,"$5,000","Roselle, NJ",92K miles,https://www.facebook.comN/A
2008 Honda civic LX Sedan 4D,"$3,600","Mine Hill, NJ",160K miles,https://www.facebook.comN/A
2009 Toyota matrix XRS Sport Wagon 4D,"$4,900","Newark, NJ",134K miles,https://www.facebook.comN/A
2010 Honda civic LX Sedan 4D,"$2,000","New Rochelle, NY",N/A,https://www.facebook.comN/A
2009 Honda civic DX Sedan 4D,"$4,800","Morristown, NJ",121K miles,https://www.facebook.comN/A
2007 Honda accord VP Sedan 4D,"$3,400","Lodi, NJ",180K miles,https://www.facebook.comN/A
2009 Honda accord EX-L Sedan 4D,"$3,900","New York, NY",105K miles,https://www.facebook.comN/A
2008 Honda civic LX Sedan 4D,"$3,899","Philadelphia, PA",141K miles,https://www.facebook.comN/A
2003 Acura rsx Sport Coupe 2D,"$5,000","Lakewood, NJ",103K miles,https://www.facebook.comN/A
2008 Honda civic EX Sedan 4D,"$3,300","York, PA",140K miles,https://www.facebook.comN/A
2003 Honda civic LX Sedan 4D,"$1,200","Jamaica, NY",142K miles,https://www.facebook.comN/A
2008 Acura tl 3.2 Sedan 4D,"$1,700","Queens Village, NY",162K miles,https://www.facebook.comN/A
2008 Honda civic,"$3,980","Far Rockaway, NY",N/A,https://www.facebook.comN/A
2003 Honda civic EX Sedan 4D,"$1,200","South Richmond Hill, NY",116K miles,https://www.facebook.comN/A
2007 Honda civic,"$4,000","Holbrook, NY",143K miles,https://www.facebook.comN/A
2007 Honda civic LX Sedan 4D,"$4,900","Union City, NJ",147K miles,https://www.facebook.comN/A
2007 Honda civic LX Sedan 4D,"$1,800","Hempstead, NY",131K miles,https://www.facebook.comN/A
2009 Honda accord EX-L Coupe 2D,"$3,600","Orangeburg, NY",170K miles,https://www.facebook.comN/A
2003 Honda accord,"$2,800","Montclair, NJ",160K miles,https://www.facebook.comN/A
2004 Honda civic EX Sedan 4D,"$4,300","Hightstown, NJ",130K miles,https://www.facebook.comN/A
2006 Honda cr-v EX Sport Utility 4D,"$4,500","Danbury, CT",84K miles,https://www.facebook.comN/A
2010 Toyota prius I Hatchback 4D,"$3,995","Jersey City, NJ",N/A,https://www.facebook.comN/A
2009 Honda civic EX Sedan 4D,"$3,999","Philadelphia, PA",165K miles,https://www.facebook.comN/A
2006 Honda civic,"$3,300","Philadelphia, PA",142K miles,https://www.facebook.comN/A
2010 Honda civic LX Sedan 4D,"$3,700","Brick, NJ",179K miles,https://www.facebook.comN/A
2007 Honda cr-v EX Sport Utility 4D,"$5,000","Paterson, NJ",116K miles,https://www.facebook.comN/A
2000 Honda civic EX Coupe 2D,"$3,500","Wading River, NY",145K miles,https://www.facebook.comN/A
2010 Honda fit Hatchback 4D,"$4,900","Rutherford, NJ",63K miles,https://www.facebook.comN/A
2010 Toyota corolla LE Sedan 4D,"$4,500","Jersey City, NJ",97K miles,https://www.facebook.comN/A
2005 Infiniti g35,"$4,600","College Point, NY",135K miles,https://www.facebook.comN/A
2001 Honda accord EX Sedan 4D,"$4,500","Newark, NJ",160K miles,https://www.facebook.comN/A
2009 Honda civic LX Sedan 4D,"$4,500","Rochester, NY",133K miles,https://www.facebook.comN/A
2007 Honda civic LX Sedan 4D,"$4,700","Newark, NJ",127K miles,https://www.facebook.comN/A
2000 Honda civic EX Coupe 2D,"$3,500","Wading River, NY",145K miles,https://www.facebook.comN/A
2007 Honda civic DX Coupe 2D,"$3,000","Newark, NJ",153K miles,https://www.facebook.comN/A
2010 Honda accord LX Sedan 4D,"$4,300","Fair Lawn, NJ",125K miles,https://www.facebook.comN/A
2006 Honda civic LX Sedan 4D,"$4,750","Medford, NY",129K miles,https://www.facebook.comN/A
2004 Honda civic DX Sedan 4D,"$2,250","Windber, PA",139K miles,https://www.facebook.comN/A
2010 Honda civic EX-L Sedan 4D,"$2,500","Huntington Station, NY",140K miles,https://www.facebook.comN/A
2008 Honda civic LX Sedan 4D,"$4,600","Newark, NJ",116K miles,https://www.facebook.comN/A
2007 Honda civic EX Sedan 4D,"$4,600","Dover, NJ",159K miles,https://www.facebook.comN/A
2001 Honda civic DX Coupe 2D,"$1,980","New York, NY",160K miles,https://www.facebook.comN/A
2004 Honda civic LX Coupe 2D,"$3,200","Bronx, NY",87K miles,https://www.facebook.comN/A
2010 Honda civic LX Coupe 2D,"$5,000","Philadelphia, PA",90K miles,https://www.facebook.comN/A
2006 Honda civic EX Sedan 4D,"$3,800","Philadelphia, PA",163K miles,https://www.facebook.comN/A
2010 Honda civic,"$5,000","Philadelphia, PA",120K miles,https://www.facebook.comN/A
2001 Honda civic EX Coupe 2D,"$4,250","Linden, NJ",108K miles,https://www.facebook.comN/A
2003 Honda civic,"$2,300","Flushing, NY",160K miles,https://www.facebook.comN/A
2008 Honda civic LX Sedan 4D,"$4,995","Neptune City, NJ",148K miles,https://www.facebook.comN/A
2002 Honda civic LX Sedan 4D,"$2,895","Hartford, CT",144K miles,https://www.facebook.comN/A
2008 Honda civic,"$4,750","Norristown, PA",180K miles,https://www.facebook.comN/A
2010 Honda insight LX Hatchback 4D,"$4,790","North Bergen, NJ",159K miles,https://www.facebook.comN/A
2007 Honda civic EX Sedan 4D,"$4,500","Clifton Heights, PA",137K miles,https://www.facebook.comN/A
2008 Honda civic LX Sedan 4D,"$4,750",N/A,176K miles,https://www.facebook.comN/A
2004 Honda civic LX Coupe 2D,"$3,500","Pitman, NJ",141K miles,https://www.facebook.comN/A
2009 Honda civic EX-L Coupe 2D,"$4,600","Bronx, NY",109K miles,https://www.facebook.comN/A
2008 Honda civic LX Sedan 4D,"$4,995","Manasquan, NJ",148K miles,https://www.facebook.comN/A
2007 Honda civic Hybrid Sedan 4D,"$4,000","East Hampton, NY",153K miles,https://www.facebook.comN/A
2005 Honda civic EX Sedan 4D,"$3,900","Norristown, PA",152K miles,https://www.facebook.comN/A
2005 Honda civic LX Sedan 4D,"$3,900","Springfield, PA",144K miles,https://www.facebook.comN/A
2004 Honda civic Hybrid Sedan 4D,"$1,500","Plainfield, NJ",125K miles,https://www.facebook.comN/A
2004 Honda civic EX Sedan 4D,"$3,500","Yonkers, NY",173K miles,https://www.facebook.comN/A
2009 Honda accord EX Sedan 4D,"$3,900","Whitestone, NY",148K miles,https://www.facebook.comN/A
2009 Honda accord EX-L Sedan 4D,"$4,900","Philadelphia, PA",120K miles,https://www.facebook.comN/A
2004 Honda civic,"$3,600","Newark, DE",132K miles,https://www.facebook.comN/A
2005 Honda civic EX Special Edition Sedan 4D,"$1,400","Bristol, CT",175K miles,https://www.facebook.comN/A
2008 Honda civic,"$3,500","Beacon, NY",112K miles,https://www.facebook.comN/A
2007 Honda accord EX-L Coupe 2D,"$3,000","Brooklyn, NY",151K miles,https://www.facebook.comN/A
2007 Honda civic EX Sedan 4D,"$4,800","North Bergen, NJ",N/A,https://www.facebook.comN/A
2002 Honda civic EX Sedan 4D,"$2,500","Newburgh, NY",145K miles,https://www.facebook.comN/A
2009 Honda accord LX-S Coupe 2D,"$3,900","Quakertown, PA",N/A,https://www.facebook.comN/A
2000 Honda civic LX Sedan 4D,"$1,234","Brooklyn, NY",120K miles,https://www.facebook.comN/A
2002 Honda civic EX Sedan 4D,"$3,500","Warren, NJ",118K miles,https://www.facebook.comN/A
2006 Honda accord EX Sedan 4D,"$4,500","Freeport, NY",108K miles,https://www.facebook.comN/A
2009 Honda civic DX Sedan 4D,"$4,999","Rochester, NY",145K miles,https://www.facebook.comN/A
2003 Honda civic Si Hatchback 2D,"$1,500","Elizabeth, NJ",177K miles,https://www.facebook.comN/A
2002 Honda civic LX Coupe 2D,"$3,000","Jersey City, NJ",177K miles,https://www.facebook.comN/A
2008 Toyota camry XLE Sedan 4D,"$3,599","Cromwell, CT",115K miles,https://www.facebook.comN/A
2000 Honda civic LX Sedan 4D,"$3,000","Bayville, NJ",165K miles,https://www.facebook.comN/A
2008 BMW 1 series 128i Coupe 2D,"$3,000","Springfield, NJ",135K miles,https://www.facebook.comN/A
2007 Honda accord EX Sedan 4D,"$4,799","Beacon, NY",N/A,https://www.facebook.comN/A
2007 Honda accord EX-L Sedan 4D,"$2,700","Stratford, CT",142K miles,https://www.facebook.comN/A
2007 Honda civic EX Sedan 4D,"$4,800","Philadelphia, PA",132K miles,https://www.facebook.comN/A
2003 Toyota corolla LE Sedan 4D,"$3,450","Ridgefield Park, NJ",84K miles,https://www.facebook.comN/A
2004 Honda accord DX Sedan 4D,"$3,800","Bronx, NY",162K miles,https://www.facebook.comN/A
2008 Honda civic DX Coupe 2D,"$4,500","Florence, NJ",122K miles,https://www.facebook.comN/A
2009 Honda accord LX Sedan 4D,"$2,500","Jamaica, NY",117K miles,https://www.facebook.comN/A
2008 Honda accord EX-L Coupe 2D,"$5,000","Hawley, PA",70K miles,https://www.facebook.comN/A
2009 Honda accord EX-L Sedan 4D,"$2,000","Paterson, NJ",136K miles,https://www.facebook.comN/A
2010 Honda accord LX Sedan 4D,"$4,850","Bronx, NY",122K miles,https://www.facebook.comN/A
2005 Honda civic Hybrid Sedan 4D,"$3,000","Reading, PA",104K miles,https://www.facebook.comN/A
2008 Honda accord EX-L Sedan 4D,"$4,950","Deer Park, NY",150K miles,https://www.facebook.comN/A
2009 Toyota camry SE Sedan 4D,"$4,499","Brooklyn, NY",125K miles,https://www.facebook.comN/A
2009 Honda civic EX Sedan 4D,"$4,900","Brentwood, NY",164K miles,https://www.facebook.comN/A
2008 Honda civic LX Sedan 4D,"$3,800","Philadelphia, PA",125K miles,https://www.facebook.comN/A
2003 Honda accord EX-L Sedan 4D,"$2,200","Roselle, NJ",N/A,https://www.facebook.comN/A
2007 Honda civic LX Sedan 4D,"$4,200","West New York, NJ",148K miles,https://www.facebook.comN/A
2010 Nissan altima 2.5 S Sedan 4D,"$3,500","Bensalem, PA",180K miles,https://www.facebook.comN/A
2010 Honda accord crosstour EX Sport Utility 4D,"$3,200","St Albans, NY",114K miles,https://www.facebook.comN/A
2004 Honda accord EX Sedan 4D,"$3,800","Larchmont, NY",N/A,https://www.facebook.comN/A
2006 Honda civic LX Sedan 4D,"$4,950","Medford, NY",128K miles,https://www.facebook.comN/A
2009 Audi a4 2.0T Quattro Special Edition Cabriolet 2D,"$3,900","Hillside, NJ",118K miles,https://www.facebook.comN/A
2010 Honda accord EX-L Sedan 4D,"$4,300","Bayonne, NJ",172K miles,https://www.facebook.comN/A
2002 Honda accord,"$1,600","St Albans, NY",146K miles,https://www.facebook.comN/A
2008 Honda accord EX Sedan 4D,"$3,800","Newark, NJ",160K miles,https://www.facebook.comN/A
2009 Honda cr-v EX Sport Utility 4D,"$4,850","Belleville, NJ",174K miles,https://www.facebook.comN/A
2003 Acura rsx Sport Coupe 2D,"$4,500","Staten Island, NY",150K miles,https://www.facebook.comN/A
2009 Honda civic,"$4,499","Clifton Park, NY",162K miles,https://www.facebook.comN/A
2010 Nissan altima 3.5 SR Coupe 2D,"$4,700","East Orange, NJ",160K miles,https://www.facebook.comN/A
2003 Honda civic LX Sedan 4D,"$3,750","Johnston, RI",151K miles,https://www.facebook.comN/A
2010 Honda accord EX-L Sedan 4D,"$1,400","Rutherford, NJ",150K miles,https://www.facebook.comN/A
2007 Honda accord LX Sedan 4D,"$1,000","Haledon, NJ",166K miles,https://www.facebook.comN/A
2007 Honda accord LX Sedan 4D,"$3,500","Matawan, NJ",110K miles,https://www.facebook.comN/A
2006 Acura rsx Sport Coupe 2D,"$5,000","Carlstadt, NJ",159K miles,https://www.facebook.comN/A
2005 Honda civic DX Sedan 4D,"$1,600","Front Royal, VA",165K miles,https://www.facebook.comN/A
2001 Honda accord LX Sedan 4D,"$2,200","Piscataway, NJ",147K miles,https://www.facebook.comN/A
2006 Honda civic EX Coupe 2D,"$3,600","Allentown, PA",180K miles,https://www.facebook.comN/A
2007 Land Rover range rover sport Supercharged Sport Utility 4D,"$4,500","Bridgeport, CT",119K miles,https://www.facebook.comN/A
2007 Honda accord LX Sedan 4D,"$4,200","Mt Holly, NJ",166K miles,https://www.facebook.comN/A
2009 Honda accord EX-L Coupe 2D,"$3,000","Deer Park, NY",110K miles,https://www.facebook.comN/A
"2008 Toyota rav4 ""Sport"" Sport Utility 4D","$4,950","Parlin, NJ",149K miles,https://www.facebook.comN/A
2004 Honda civic LX Sedan 4D,"$1,300","Jackson Heights, NY",180K miles,https://www.facebook.comN/A
2006 Honda civic LX Sedan 4D,"$4,750","Halethorpe, MD",132K miles,https://www.facebook.comN/A
2002 Honda civic DX Coupe 2D,"$3,500","White Plains, NY",118K miles,https://www.facebook.comN/A
"2007 Honda civic ex coupe 2dðŸš— text me or call meðŸ“²(973)388-0756, se habla espaÃ‘ol","$4,999","Newark, NJ",131K miles,https://www.facebook.comN/A
2008 Honda civic EX-L Sedan 4D,"$4,850","Corona, NY",108K miles,https://www.facebook.comN/A
2004 Honda civic EX Sedan 4D,"$5,000","Huntington Station, NY",138K miles,https://www.facebook.comN/A
2009 Honda accord EX Sedan 4D,"$1,800","Newark, DE",147K miles,https://www.facebook.comN/A
2009 Smart fortwo Passion Cabriolet 2D,"$4,050","Paterson, NJ",90K miles,https://www.facebook.comN/A
2004 Acura tsx Sedan 4D,"$4,000","Trenton, NJ",169K miles,https://www.facebook.comN/A
2000 Honda civic LX Sedan 4D,"$4,000","New Haven, CT",158K miles,https://www.facebook.comN/A
2010 Honda civic EX-L Sedan 4D,"$4,950","Birdsboro, PA",160K miles,https://www.facebook.comN/A
2000 Honda civic DX Hatchback 2D,"$2,700","Bath, PA",172K miles,https://www.facebook.comN/A
2009 Honda civic EX Sedan 4D,"$4,200","Wolcott, CT",175K miles,https://www.facebook.comN/A
2010 Honda accord LX Sedan 4D,"$5,000","Paterson, NJ",165K miles,https://www.facebook.comN/A
2000 Honda civic EX Coupe 2D,"$3,499","Scranton, PA",168K miles,https://www.facebook.comN/A
2003 Honda accord EX Coupe 2D,"$4,000","Bethlehem, PA",131K miles,https://www.facebook.comN/A
2009 Honda civic LX Sedan 4D,"$5,000","Philadelphia, PA",149K miles,https://www.facebook.comN/A
2007 Toyota camry Hybrid Sedan 4D,"$3,510","Brooklyn, NY",165K miles,https://www.facebook.comN/A
2000 Honda civic LX Sedan 4D,"$2,000","Poughkeepsie, NY",136K miles,https://www.facebook.comN/A
2010 Honda civic EX-L Sedan 4D,"$4,500","Plainfield, NJ",160K miles,https://www.facebook.comN/A
2007 Honda civic EX Coupe 2D,"$5,000","Speonk, NY",117K miles,https://www.facebook.comN/A
2004 Honda civic EX Sedan 4D,"$2,970","Philadelphia, PA",129K miles,https://www.facebook.comN/A
2005 Honda civic Hybrid Sedan 4D,"$4,500","Edison, NJ",125K miles,https://www.facebook.comN/A
2005 Honda civic Hybrid Sedan 4D,"$3,500","Reading, PA",100K miles,https://www.facebook.comN/A
2003 Honda civic DX Sedan 4D,"$3,400","Riverhead, NY",123K miles,https://www.facebook.comN/A
2010 Honda civic,"$3,500","Reading, PA",160K miles,https://www.facebook.comN/A
2003 Honda civic HX Coupe 2D,"$2,700","Lebanon, PA",150K miles,https://www.facebook.comN/A
2009 Honda civic,"$3,800","Philadelphia, PA",166K miles,https://www.facebook.comN/A
2000 Honda civic EX Coupe 2D,"$5,000","Lancaster, PA",180K miles,https://www.facebook.comN/A
2006 Honda accord EX Sedan 4D,"$4,500","South Ozone Park, NY",108K miles,https://www.facebook.comN/A
2010 Honda insight EX Hatchback 4D,"$4,400","Milford, CT",170K miles,https://www.facebook.comN/A
2005 Honda civic Hybrid Sedan 4D,"$3,400","Essex, MD",135K miles,https://www.facebook.comN/A
2008 Honda civic LX Sedan 4D,"$3,500","Philadelphia, PA",180K miles,https://www.facebook.comN/A
2003 Honda civic EX Sedan 4D,"$3,595","Womelsdorf, PA",141K miles,https://www.facebook.comN/A
2000 Honda civic LX Sedan 4D,"$3,240","Bronx, NY",158K miles,https://www.facebook.comN/A
2004 Honda civic EX Sedan 4D,"$2,500","Wallingford, CT",166K miles,https://www.facebook.comN/A
2008 Honda civic LX Sedan 4D,"$3,800","Colts Neck, NJ",165K miles,https://www.facebook.comN/A
2004 Honda civic EX Sedan 4D,"$1,440","College Point, NY",168K miles,https://www.facebook.comN/A
2002 Honda civic LX Sedan 4D,"$3,000","Keasbey, NJ",160K miles,https://www.facebook.comN/A
2004 Honda civic EX Sedan 4D,"$3,500","Bridgeport, CT",160K miles,https://www.facebook.comN/A
2008 Honda accord EX Sedan 4D,"$4,900","Westbury, NY",151K miles,https://www.facebook.comN/A
2003 Honda civic EX Sedan 4D,"$1,200","Manchester, CT",140K miles,https://www.facebook.comN/A
2009 Honda accord EX-L Sedan 4D,"$4,200","Jersey City, NJ",169K miles,https://www.facebook.comN/A
2001 Honda civic EX Sedan 4D,"$4,000","Trenton, NJ",85K miles,https://www.facebook.comN/A
2001 Honda civic LX Sedan 4D,"$3,900","Westwood, NJ",N/A,https://www.facebook.comN/A
2006 Honda civic EX Sedan 4D,"$4,500","Dover, NJ",163K miles,https://www.facebook.comN/A
2007 Honda civic LX Sedan 4D,"$3,800","Everett, MA",151K miles,https://www.facebook.comN/A
2005 Honda civic EX Sedan 4D,"$2,500","Bethlehem, PA",132K miles,https://www.facebook.comN/A
2007 Honda civic DX Coupe 2D,"$3,100","Joppa, MD",131K miles,https://www.facebook.comN/A
2005 Acura tl 3.2 Sedan 4D,"$3,800","Smithtown, NY",160K miles,https://www.facebook.comN/A
2006 Honda civic DX Sedan 4D,"$3,000","Jericho, NY",158K miles,https://www.facebook.comN/A
2000 Honda civic,"$3,000","Jackson, NJ",157K miles,https://www.facebook.comN/A
2006 Honda accord EX Coupe 2D,"$4,000","Clifton, NJ",175K miles,https://www.facebook.comN/A
2006 Honda civic LX Sedan 4D,"$4,800","Toms River, NJ",111K miles,https://www.facebook.comN/A
2010 Nissan altima 2.5 S Sedan 4D,"$3,000","New Canaan, CT",144K miles,https://www.facebook.comN/A
2008 Honda civic DX Coupe 2D,"$4,900","Riverhead, NY",N/A,https://www.facebook.comN/A
2007 Audi a4 quattro 2.0t awd,"$4,999","Elizabeth, NJ",110K miles,https://www.facebook.comN/A
2007 Scion Hatchback Coupe 2D,"$3,900","Westbury, NY",144K miles,https://www.facebook.comN/A
2003 Honda civic DX Sedan 4D,"$3,200","Island Park, NY",160K miles,https://www.facebook.comN/A
2007 Honda accord LX Sedan 4D,"$3,575","Brooklyn, NY",150K miles,https://www.facebook.comN/A
2010 Honda accord sdn 4dr i4 auto ex-l pzev,"$1,995","Elizabeth, NJ",99K miles,https://www.facebook.comN/A
2005 Honda accord EX Sedan 4D,"$4,500","Peekskill, NY",162K miles,https://www.facebook.comN/A
2007 Honda accord EX-L Sedan 4D,"$4,500","White Plains, NY",122K miles,https://www.facebook.comN/A
2002 Acura rsx Sport Coupe 2D,"$4,000","West Haverstraw, NY",146K miles,https://www.facebook.comN/A
2009 Honda civic DX Sedan 4D,"$4,200","Syracuse, NY",118K miles,https://www.facebook.comN/A
2002 Honda accord EX Sedan 4D,"$2,500","Piscataway, NJ",148K miles,https://www.facebook.comN/A
2006 Honda civic LX Sedan 4D,"$3,500",N/A,158K miles,https://www.facebook.comN/A
2009 Honda civic EX Sedan 4D,"$2,600","Philadelphia, PA",158K miles,https://www.facebook.comN/A
2000 Honda civic EX Sedan 4D,"$3,000","Florence, VT",64K miles,https://www.facebook.comN/A
2009 Honda accord,"$4,800","Lakewood, NJ",158K miles,https://www.facebook.comN/A
2008 Honda accord EX-L Sedan 4D,"$4,200","Paterson, NJ",123K miles,https://www.facebook.comN/A
2003 Honda accord EX Sedan 4D,"$3,000","Passaic, NJ",172K miles,https://www.facebook.comN/A
2006 Acura rsx Type S Sport Coupe 2D,"$5,000","Bronx, NY",60K miles,https://www.facebook.comN/A
2008 Honda civic LX Coupe 2D,"$4,500","Lynn, MA",140K miles,https://www.facebook.comN/A
2009 Mitsubishi lancer GTS Sedan 4D,"$3,995","Shelton, CT",170K miles,https://www.facebook.comN/A
2007 Honda accord EX-L Sedan 4D,"$2,900","Selden, NY",174K miles,https://www.facebook.comN/A
2007 Honda civic LX Sedan 4D,"$4,700","Newark, NJ",128K miles,https://www.facebook.comN/A
2000 Honda accord EX-L Sedan 4D,"$3,500","Towaco, NJ",171K miles,https://www.facebook.comN/A
2007 Toyota camry,"$3,800","Fords, NJ",146K miles,https://www.facebook.comN/A
2009 Honda accord EX-L Sedan 4D,"$2,000","Perth Amboy, NJ",170K miles,https://www.facebook.comN/A
2009 Honda accord EX-L Sedan 4D,"$2,000","Paramus, NJ",136K miles,https://www.facebook.comN/A
2006 Honda accord LX Sedan 4D,"$3,500","Bridgeport, CT",180K miles,https://www.facebook.comN/A
2002 Honda civic EX Coupe 2D,"$3,000","Egg Harbor Twp, NJ",160K miles,https://www.facebook.comN/A
2008 Honda civic LX Sedan 4D,"$4,800","Newark, NJ",117K miles,https://www.facebook.comN/A
2007 Honda accord EX Coupe 2D,"$3,300","Irvington, NJ",99K miles,https://www.facebook.comN/A
2010 Honda civic Ex,"$4,700","Philadelphia, PA",137K miles,https://www.facebook.comN/A
2006 Honda civic Si Coupe 2D,"$3,500","New Hampton, NH",176K miles,https://www.facebook.comN/A
2006 Honda civic LX Sedan 4D,"$5,000","Huntington, NY",128K miles,https://www.facebook.comN/A
2005 Honda civic LX Sedan 4D,"$3,500","Timberville, VA",179K miles,https://www.facebook.comN/A
2010 Honda civic EX Sedan 4D,"$4,500","Philadelphia, PA",125K miles,https://www.facebook.comN/A
2002 Honda civic DX Coupe 2D,"$3,500","Yorktown Heights, NY",120K miles,https://www.facebook.comN/A
2004 Honda civic EX Sedan 4D,"$3,800","Vineland, NJ",166K miles,https://www.facebook.comN/A
2007 Scion Hatchback Coupe 2D,"$4,500","Brentwood, NY",154K miles,https://www.facebook.comN/A
2002 Honda civic DX Coupe 2D,"$3,500","Yorktown Heights, NY",118K miles,https://www.facebook.comN/A
2007 Honda civic,"$4,700","Bridgeville, DE",145K miles,https://www.facebook.comN/A
2003 Honda accord,"$1,900","Bridgewater, NJ",156K miles,https://www.facebook.comN/A
2006 Honda accord EX Sedan 4D,"$4,500","Woodside, NY",64K miles,https://www.facebook.comN/A
2006 Honda civic DX Sedan 4D,"$3,700","Framingham, MA",177K miles,https://www.facebook.comN/A
2009 Honda civic EX Sedan 4D,"$4,700","Lawrence, MA",N/A,https://www.facebook.comN/A
2007 Honda civic EX Sedan 4D,"$3,600","Dumfries, VA",140K miles,https://www.facebook.comN/A
2000 Honda civic EX Sedan 4D,"$3,350","Providence, RI",125K miles,https://www.facebook.comN/A
2009 Honda accord,"$4,500","Hopewell Junction, NY",139K miles,https://www.facebook.comN/A
2010 Acura tl Sedan 4D,"$4,500","Philadelphia, PA",150K miles,https://www.facebook.comN/A
2000 Honda civic DX Coupe 2D,"$2,500","Naugatuck, CT",180K miles,https://www.facebook.comN/A
2009 Honda accord EX Coupe 2D,"$5,000","Lansdale, PA",106K miles,https://www.facebook.comN/A
2007 Honda civic EX Sedan 4D,"$4,800","Wolcott, CT",159K miles,https://www.facebook.comN/A
2006 Honda civic LX Sedan 4D,"$4,250","York, PA",90K miles,https://www.facebook.comN/A
2010 Honda civic EX-L Sedan 4D,"$4,600","Philadelphia, PA",163K miles,https://www.facebook.comN/A
2006 Honda civic DX Sedan 4D,"$4,900","Bronx, NY",112K miles,https://www.facebook.comN/A
2009 Honda civic DX Sedan 4D,"$4,200","Lancaster, PA",155K miles,https://www.facebook.comN/A
2008 Honda civic EX Coupe 2D,"$3,500","Hazleton, PA",166K miles,https://www.facebook.comN/A
2002 Honda civic EX Coupe 2D,"$3,500","Willimantic, CT",178K miles,https://www.facebook.comN/A
2003 Honda civic DX Coupe 2D,"$2,500","Philadelphia, PA",149K miles,https://www.facebook.comN/A
2005 Honda civic LX Sedan 4D,"$3,200","Philadelphia, PA",152K miles,https://www.facebook.comN/A
2010 Honda civic LX-S Sedan 4D,"$4,300","Philadelphia, PA",160K miles,https://www.facebook.comN/A
2009 Honda civic DX Coupe 2D,"$3,200","Somerset, NJ",178K miles,https://www.facebook.comN/A
2006 Honda civic hybrid,"$4,600","Uniondale, NY",165K miles,https://www.facebook.comN/A
2007 Honda civic LX Sedan 4D,"$4,050","Norwalk, CT",143K miles,https://www.facebook.comN/A
2005 Honda civic LX Sedan 4D,"$5,000","Bronx, NY",140K miles,https://www.facebook.comN/A
2010 Honda civic LX Sedan 4D,"$1,111","Linden, NJ",180K miles,https://www.facebook.comN/A
2008 Honda civic EX-L Sedan 4D,"$1,999","Springfield, MA",128K miles,https://www.facebook.comN/A
2005 Honda civic Lx,"$1,000","Jefferson, NY",174K miles,https://www.facebook.comN/A
2005 Honda accord LX Sedan 4D,"$3,600","New York, NY",101K miles,https://www.facebook.comN/A
2001 Honda civic LX Sedan 4D,"$2,800","Prospect Park, PA",153K miles,https://www.facebook.comN/A
2007 Honda civic,"$3,800","Avenel, NJ",162K miles,https://www.facebook.comN/A
2008 Honda civic,"$3,250","Manchester, CT",175K miles,https://www.facebook.comN/A
2007 Honda civic EX Sedan 4D,"$4,799","Medford, MA",146K miles,https://www.facebook.comN/A
2006 Honda civic LX Sedan 4D,"$3,395","Jamaica Plain, MA",170K miles,https://www.facebook.comN/A
2007 Honda civic,"$4,800","Hempstead, NY",139K miles,https://www.facebook.comN/A
2007 Honda civic DX Coupe 2D,"$4,500","Waltham, MA",153K miles,https://www.facebook.comN/A
2006 Honda civic LX Sedan 4D,"$4,900","Lebanon, PA",157K miles,https://www.facebook.comN/A
2004 Honda civic EX Sedan 4D,"$1,600","Ridgewood, NY",180K miles,https://www.facebook.comN/A
2004 Honda civic EX Sedan 4D,"$3,500","Salisbury, MD",162K miles,https://www.facebook.comN/A
2009 Honda accord,"$4,000","Astoria, NY",112K miles,https://www.facebook.comN/A
2009 Honda accord EX Sedan 4D,"$4,800","Clifton, NJ",125K miles,https://www.facebook.comN/A
2009 BMW,"$3,500","West Hempstead, NY",175K miles,https://www.facebook.comN/A
2003 Honda civic EX Coupe 2D,"$3,500","Perth Amboy, NJ",115K miles,https://www.facebook.comN/A
2009 Honda civic EX-L Coupe 2D,"$4,000","Harrisburg, PA",160K miles,https://www.facebook.comN/A
2010 Honda civic EX-L Sedan 4D,"$3,500","Malden, MA",112K miles,https://www.facebook.comN/A
2007 Honda accord EX Sedan 4D,"$4,750","Paterson, NJ",126K miles,https://www.facebook.comN/A
2005 Honda pilot EX-L Sport Utility 4D,"$2,500","New York, NY",159K miles,https://www.facebook.comN/A
2007 Honda accord EX Sedan 4D,"$3,950","Highland Mills, NY",170K miles,https://www.facebook.comN/A
2006 Honda civic LX Sedan 4D,"$1,111","Somerset, NJ",102K miles,https://www.facebook.comN/A
2001 Lexus IS 300 Sedan 4D,"$4,250","Randolph, NJ",166K miles,https://www.facebook.comN/A
2009 Honda civic LX Sedan 4D,"$4,500","Wilmington, DE",146K miles,https://www.facebook.comN/A
2006 Honda civic LX Sedan 4D,"$3,800","Hackensack, NJ",177K miles,https://www.facebook.comN/A
2008 Honda accord EX Sedan 4D,"$4,500","Darien, CT",178K miles,https://www.facebook.comN/A
2009 Acura tsx Sedan,"$1,000","Haledon, NJ",170K miles,https://www.facebook.comN/A
2009 Honda accord,"$4,500","Brooklyn, NY",132K miles,https://www.facebook.comN/A
2002 Acura rsx Sport Coupe 2D,"$3,000","East Brunswick, NJ",153K miles,https://www.facebook.comN/A
2008 Infiniti g 37 s,"$4,200","Elkton, MD",139K miles,https://www.facebook.comN/A
2005 Honda accord EX-L Coupe 2D,"$3,800","West Orange, NJ",173K miles,https://www.facebook.comN/A
2003 Honda accord,"$3,800","Westbury, NY",155K miles,https://www.facebook.comN/A
2010 Honda accord EX Coupe 2D,"$1,500","St Albans, NY",165K miles,https://www.facebook.comN/A
2004 Honda cr-v,"$3,400","Poughkeepsie, NY",129K miles,https://www.facebook.comN/A
2006 Scion xa,"$3,500","Glen Cove, NY",142K miles,https://www.facebook.comN/A
2009 Honda civic DX Sedan 4D,"$3,500","Albany, NY",169K miles,https://www.facebook.comN/A
2006 BMW 3 series 325xi Sedan 4D,"$3,500","Paterson, NJ",146K miles,https://www.facebook.comN/A
2003 Honda accord DX Sedan 4D,"$2,500","Yonkers, NY",180K miles,https://www.facebook.comN/A
2004 Honda accord EX Coupe 2D,"$2,000","Copiague, NY",130K miles,https://www.facebook.comN/A
2001 Toyota celica GT-S Hatchback Coupe 2D,"$5,000","Bayside, NY",120K miles,https://www.facebook.comN/A
2005 Honda accord EX Coupe 2D,"$4,500","Newark, NJ",135K miles,https://www.facebook.comN/A
2004 Honda accord EX Sedan 4D,"$4,400","Bronx, NY",167K miles,https://www.facebook.comN/A
2007 Honda civic LX Coupe 2D,"$3,100","Rockville, MD",151K miles,https://www.facebook.comN/A
2010 Nissan altima 2.5 S Sedan 4D,"$5,000","Newark, NJ",120K miles,https://www.facebook.comN/A
2009 Honda civic LX-S Sedan 4D,"$2,400","Philadelphia, PA",N/A,https://www.facebook.comN/A
2007 Honda civic LX Sedan 4D,"$3,800","Stratford, CT",143K miles,https://www.facebook.comN/A
2003 Honda civic LX Sedan 4D,"$2,800","Lynn, MA",153K miles,https://www.facebook.comN/A
2009 Honda civic EX Sedan 4D,"$4,500","Fredericksburg, VA",137K miles,https://www.facebook.comN/A
2010 Honda civic LX Sedan 4D,"$3,800","East Providence, RI",159K miles,https://www.facebook.comN/A
2008 Honda civic LX Sedan 4D,"$5,000","Waterbury, CT",151K miles,https://www.facebook.comN/A
2007 Honda civic DX Sedan 4D,"$4,200","Allentown, PA",139K miles,https://www.facebook.comN/A
2006 Honda accord EX-L Sedan 4D,"$3,200","Richmond Hill, NY",136K miles,https://www.facebook.comN/A
2003 Honda civic EX Sedan 4D,"$2,700","Richmond Hill, NY",168K miles,https://www.facebook.comN/A
2009 Honda accord EX Coupe 2D,"$4,500","High Bridge, NJ",162K miles,https://www.facebook.comN/A
2010 Hyundai accent GLS Sedan 4D,"$3,200","Corona, NY",133K miles,https://www.facebook.comN/A
2004 Honda civic EX Sedan 4D,"$2,850","Bethlehem, PA",163K miles,https://www.facebook.comN/A
2010 Acura tsx Sedan 4D,"$4,000","Bronx, NY",180K miles,https://www.facebook.comN/A
2003 Honda accord DX Sedan 4D,"$3,900","Elmwood Park, NJ",155K miles,https://www.facebook.comN/A
2007 Honda civic LX Sedan 4D,"$4,200","Silver Spring, MD",172K miles,https://www.facebook.comN/A
2002 Honda civic EX Sedan 4D,"$3,400","Lindenhurst, NY",147K miles,https://www.facebook.comN/A
2010 Honda fit Hatchback 4D,"$4,300","Brooklyn, NY",156K miles,https://www.facebook.comN/A
2007 Honda accord EX Sedan 4D,"$3,900","Woodbridge, NJ",135K miles,https://www.facebook.comN/A
2005 Honda civic LX Sedan 4D,"$3,300","Rockville, MD",160K miles,https://www.facebook.comN/A
2005 Honda civic EX Coupe 2D,"$3,500","Roosevelt, NY",159K miles,https://www.facebook.comN/A
2009 Honda accord EX Coupe 2D,"$3,900","New Brunswick, NJ",170K miles,https://www.facebook.comN/A
2006 Honda accord EX Sedan 4D,"$4,999","Manorville, NY",88K miles,https://www.facebook.comN/A
2010 Honda civic,"$4,200","Reading, PA",140K miles,https://www.facebook.comN/A
2006 Honda civic EX Sedan 4D,"$3,700","Woodbridge, VA",162K miles,https://www.facebook.comN/A
2007 Honda civic LX Sedan 4D,"$4,600","Lawrence, MA",157K miles,https://www.facebook.comN/A
2010 Honda civic EX Sedan 4D,"$4,800","Philadelphia, PA",100K miles,https://www.facebook.comN/A
2008 Nissan altima coupe se 3.5,"$4,700","Willow Grove, PA",135K miles,https://www.facebook.comN/A
2007 Honda civic EX Coupe 2D,"$3,800","Philadelphia, PA",150K miles,https://www.facebook.comN/A
2010 Honda accord Wont respond to is this availabl,"$4,200","Lakewood, NJ",135K miles,https://www.facebook.comN/A
2008 Hyundai tiburon GT Hatchback Coupe 2D,"$4,800","Doylestown, PA",N/A,https://www.facebook.comN/A
2000 Honda civic,"$4,300","Haverhill, MA",84K miles,https://www.facebook.comN/A
2008 Honda accord LX-S Coupe 2D,"$3,000","Hartford, CT",172K miles,https://www.facebook.comN/A
2006 Honda civic EX Sedan 4D,"$3,800","Philadelphia, PA",130K miles,https://www.facebook.comN/A
2008 Honda civic LX Sedan 4D,"$4,400","Laurel, MD",150K miles,https://www.facebook.comN/A
2008 Honda civic LX Coupe 2D,"$4,500","Broomall, PA",90K miles,https://www.facebook.comN/A
2005 Honda civic LX Sedan 4D,"$2,900","Waterbury, CT",N/A,https://www.facebook.comN/A
2009 Honda accord EX-L,"$4,800","Reading, PA",123K miles,https://www.facebook.comN/A
2010 Honda accord,"$4,000","Staten Island, NY",108K miles,https://www.facebook.comN/A
2010 Honda civic EX Sedan 4D,"$4,500","Philadelphia, PA",144K miles,https://www.facebook.comN/A
2009 Honda civic DX Sedan 4D,"$5,000","Salem, NH",140K miles,https://www.facebook.comN/A
2004 Honda accord LX Sedan 4D,"$4,300","Chicopee, MA",60K miles,https://www.facebook.comN/A
2005 Honda civic DX Sedan 4D,"$3,499","Waterbury, CT",179K miles,https://www.facebook.comN/A
2009 Honda civic EX Sedan 4D,"$3,400","West Hartford, CT",160K miles,https://www.facebook.comN/A
2009 Honda civic,"$5,000","Philadelphia, PA",177K miles,https://www.facebook.comN/A
2007 Honda civic LX Sedan 4D,"$3,500","West Hartford, CT",130K miles,https://www.facebook.comN/A
2008 Honda civic Hybrid Sedan 4D,"$1,500","Darby, PA",150K miles,https://www.facebook.comN/A
2006 Honda civic,"$3,000","Vineland, NJ",146K miles,https://www.facebook.comN/A
2003 Honda civic LX coupe,"$2,500","Palmer, MA",108K miles,https://www.facebook.comN/A
2008 Honda civic LX Sedan 4D,"$3,800","Kingston, NY",179K miles,https://www.facebook.comN/A
2008 Honda civic LX Sedan 4D,"$1,000","Philadelphia, PA",135K miles,https://www.facebook.comN/A
2008 Honda civic EX Coupe 2D,"$3,999","Gloucester City, NJ",148K miles,https://www.facebook.comN/A
2005 Honda civic EX Coupe 2D,"$2,000","Ansonia, CT",175K miles,https://www.facebook.comN/A
2010 Honda civic,"$3,800","Burtonsville, MD",175K miles,https://www.facebook.comN/A
2009 Honda civic,"$1,200","Philadelphia, PA",150K miles,https://www.facebook.comN/A
2000 Honda civic LX Sedan 4D,"$3,000","Hartford, CT",160K miles,https://www.facebook.comN/A
2006 Honda civic LX Sedan 4D,"$1,200","Mt Joy, PA",123K miles,https://www.facebook.comN/A
2009 Toyota corolla XRS Sedan 4D,"$4,800","Norwich, CT",179K miles,https://www.facebook.comN/A
2000 Honda civic DX Sedan 4D,"$1,000","Springfield, MA",180K miles,https://www.facebook.comN/A
2001 Honda civic LX Sedan 4D,"$4,950","Lititz, PA",N/A,https://www.facebook.comN/A
2009 Honda civic LX Sedan 4D,"$4,500","Island Pond, VT",127K miles,https://www.facebook.comN/A
2009 Honda civic EX-L Sedan 4D,"$4,100","Philadelphia, PA",150K miles,https://www.facebook.comN/A
2003 Honda civic LX Sedan 4D,"$4,800","Springfield, MA",137K miles,https://www.facebook.comN/A
2008 Honda civic LX Sedan 4D,"$3,800","Philadelphia, PA",162K miles,https://www.facebook.comN/A
2003 Honda accord,"$3,200","Philadelphia, PA",156K miles,https://www.facebook.comN/A
2000 Honda civic EX Coupe 2D,"$1,500","Reading, PA",121K miles,https://www.facebook.comN/A
2008 Nissan altima 2.5 S Coupe 2D,"$2,999","Irvington, NJ",180K miles,https://www.facebook.comN/A
2000 Honda accord DX Sedan 4D,"$1,100","Congers, NY",153K miles,https://www.facebook.comN/A
2006 Acura tsx Sedan 4D,"$4,950","East Orange, NJ",170K miles,https://www.facebook.comN/A
2006 Honda civic DX Coupe 2D,"$2,700","Springfield, MA",165K miles,https://www.facebook.comN/A
2008 Honda civic EX Sedan 4D,"$5,000","Reading, PA",161K miles,https://www.facebook.comN/A
2008 Subaru legacy 2.5i Sedan 4D,"$4,250","Edison, NJ",145K miles,https://www.facebook.comN/A
2007 Honda civic EX Coupe 2D,"$4,300","Dolgeville, NY",109K miles,https://www.facebook.comN/A
2007 Acura mdx Sport Utility 4D,"$3,500","Linden, NJ",144K miles,https://www.facebook.comN/A
2005 Honda accord Hybrid Sedan 4D,"$3,200","Bethlehem, PA",146K miles,https://www.facebook.comN/A
2003 Honda civic LX Sedan 4D,"$4,200","Alloway, NJ",107K miles,https://www.facebook.comN/A
2005 Honda accord DX Sedan 4D,"$3,200","Ozone Park, NY",167K miles,https://www.facebook.comN/A
2001 Honda cr-v,"$4,500","Clifton, NJ",164K miles,https://www.facebook.comN/A
2009 Honda civic EX Sedan 4D,"$4,200","Hamden, CT",167K miles,https://www.facebook.comN/A
2007 Honda accord,"$2,700","Brooklyn, NY",150K miles,https://www.facebook.comN/A
